,Id,MonitoringLocationID,MonitoringLocationName,ActivityStartDate,ActivityStartTime,ActivityEndDate,ResultSampleFraction,ResultValue,ResultUnit
0,164571364,Site6,Kirkpatrick Crescent Outfall,2014-12-01,,,,82.0,ug/L
1,164571391,Site6,Kirkpatrick Crescent Outfall,2014-01-23,,,,72.0,ug/L
2,164571443,Site6,Kirkpatrick Crescent Outfall,2022-01-25,,,,715.0,ug/L
3,164571486,Site6,Kirkpatrick Crescent Outfall,2016-11-03,,,,92.0,ug/L
4,164571562,Site6,Kirkpatrick Crescent Outfall,2016-03-23,,,,243.0,ug/L
5,164571963,Site6,Kirkpatrick Crescent Outfall,2021-10-07,,,,314.0,ug/L
6,164572013,Site6,Kirkpatrick Crescent Outfall,2012-07-23,,,,132.0,ug/L
7,164572119,Site6,Kirkpatrick Crescent Outfall,2015-01-26,,,,84.0,ug/L
8,164572193,Site6,Kirkpatrick Crescent Outfall,2019-01-29,,,,5400.0,ug/L
9,164572295,Site6,Kirkpatrick Crescent Outfall,2013-04-17,,,,21.0,ug/L
10,164572467,Site6,Kirkpatrick Crescent Outfall,2017-07-19,,,,304.0,ug/L
11,164572605,Site6,Kirkpatrick Crescent Outfall,2006-04-28,,,,950.0,ug/L
13,164572694,Site6,Kirkpatrick Crescent Outfall,2017-12-05,,,,36.0,ug/L
14,164572772,Site6,Kirkpatrick Crescent Outfall,2009-08-10,,,,652.0,ug/L
15,164572847,Site6,Kirkpatrick Crescent Outfall,2006-05-17,,,,51800.0,ug/L
16,164572862,Site6,Kirkpatrick Crescent Outfall,2005-07-05,,,,994.0,ug/L
17,164572940,Site6,Kirkpatrick Crescent Outfall,2017-01-24,,,,11.0,ug/L
18,164573058,Site6,Kirkpatrick Crescent Outfall,2011-01-12,,,,66.0,ug/L
19,164573073,Site6,Kirkpatrick Crescent Outfall,2021-04-19,,,,30.0,ug/L
20,164573166,Site6,Kirkpatrick Crescent Outfall,2013-12-05,,,,125.0,ug/L
21,164573184,Site6,Kirkpatrick Crescent Outfall,2016-07-20,,,,221.0,ug/L
22,164573214,Site6,Kirkpatrick Crescent Outfall,2012-01-10,,,,45.0,ug/L
23,164573225,Site6,Kirkpatrick Crescent Outfall,2005-09-21,,,,366.0,ug/L
24,164573239,Site6,Kirkpatrick Crescent Outfall,2021-11-05,,,,46.0,ug/L
25,164573376,Site6,Kirkpatrick Crescent Outfall,2009-01-08,,,,104.0,ug/L
26,164573386,Site6,Kirkpatrick Crescent Outfall,2016-06-16,,,,310.0,ug/L
27,164573588,Site6,Kirkpatrick Crescent Outfall,2006-08-10,,,,400.0,ug/L
28,164573628,Site6,Kirkpatrick Crescent Outfall,2016-09-16,,,,1770.0,ug/L
29,164573684,Site6,Kirkpatrick Crescent Outfall,2015-03-25,,,,10.0,ug/L
30,164573733,Site6,Kirkpatrick Crescent Outfall,2008-10-28,,,,1200.0,ug/L
31,164573800,Site6,Kirkpatrick Crescent Outfall,2015-04-30,,,,273.0,ug/L
32,164573864,Site6,Kirkpatrick Crescent Outfall,2013-03-20,,,,48.0,ug/L
33,164573933,Site6,Kirkpatrick Crescent Outfall,2007-05-22,,,,191.0,ug/L
34,164573951,Site6,Kirkpatrick Crescent Outfall,2014-02-21,,,,28.0,ug/L
35,164573958,Site6,Kirkpatrick Crescent Outfall,2019-02-28,,,,27.0,ug/L
36,164573989,Site6,Kirkpatrick Crescent Outfall,2010-01-15,,,,74.0,ug/L
37,164574041,Site6,Kirkpatrick Crescent Outfall,2020-09-22,,,,63.0,ug/L
38,164574072,Site6,Kirkpatrick Crescent Outfall,2011-10-28,,,,538.0,ug/L
39,164574152,Site6,Kirkpatrick Crescent Outfall,2022-03-25,,,,240.0,ug/L
40,164574166,Site6,Kirkpatrick Crescent Outfall,2020-04-23,,,,32000.0,ug/L
41,164574213,Site6,Kirkpatrick Crescent Outfall,2010-02-05,,,,69.0,ug/L
42,164574226,Site6,Kirkpatrick Crescent Outfall,2014-10-17,,,,91.0,ug/L
43,164574241,Site6,Kirkpatrick Crescent Outfall,2017-09-28,,,,2030.0,ug/L
44,164574304,Site6,Kirkpatrick Crescent Outfall,2012-10-09,,,,325.0,ug/L
45,164574355,Site6,Kirkpatrick Crescent Outfall,2018-08-24,,,,888.0,ug/L
46,164574427,Site6,Kirkpatrick Crescent Outfall,2008-01-17,,,,134.0,ug/L
47,164574548,Site6,Kirkpatrick Crescent Outfall,2020-10-08,,,,37.0,ug/L
48,164574604,Site6,Kirkpatrick Crescent Outfall,2018-06-20,,,,127.0,ug/L
49,164574726,Site6,Kirkpatrick Crescent Outfall,2021-09-07,,,,323.0,ug/L
50,164574733,Site6,Kirkpatrick Crescent Outfall,2009-11-18,,,,81.0,ug/L
51,164574746,Site6,Kirkpatrick Crescent Outfall,2022-10-12,,,,6.8,ug/L
52,164574765,Site6,Kirkpatrick Crescent Outfall,2018-10-17,,,,167.0,ug/L
53,164574804,Site6,Kirkpatrick Crescent Outfall,2011-06-28,,,,266.0,ug/L
54,164574883,Site6,Kirkpatrick Crescent Outfall,2021-02-22,,,,42.0,ug/L
55,164574900,Site6,Kirkpatrick Crescent Outfall,2007-10-25,,,,65.0,ug/L
56,164574920,Site6,Kirkpatrick Crescent Outfall,2013-11-15,,,,662.0,ug/L
57,164574929,Site6,Kirkpatrick Crescent Outfall,2017-10-18,,,,185.0,ug/L
58,164575067,Site6,Kirkpatrick Crescent Outfall,2010-08-12,,,,65.0,ug/L
59,164575087,Site6,Kirkpatrick Crescent Outfall,2008-07-09,,,,139.0,ug/L
60,164575342,Site6,Kirkpatrick Crescent Outfall,2015-02-20,,,,64.0,ug/L
61,164575384,Site6,Kirkpatrick Crescent Outfall,2009-06-09,,,,550.0,ug/L
62,164575405,Site6,Kirkpatrick Crescent Outfall,2010-12-16,,,,65.0,ug/L
63,164575599,Site6,Kirkpatrick Crescent Outfall,2021-06-08,,,,45.0,ug/L
64,164575670,Site6,Kirkpatrick Crescent Outfall,2011-03-08,,,,117.0,ug/L
65,164575770,Site6,Kirkpatrick Crescent Outfall,2018-07-20,,,,864.0,ug/L
66,164575837,Site6,Kirkpatrick Crescent Outfall,2013-02-27,,,,170.0,ug/L
67,164575882,Site6,Kirkpatrick Crescent Outfall,2018-12-07,,,,204.0,ug/L
69,164575955,Site6,Kirkpatrick Crescent Outfall,2012-05-24,,,,423.0,ug/L
70,164576020,Site6,Kirkpatrick Crescent Outfall,2006-06-09,,,,65.0,ug/L
71,164576071,Site6,Kirkpatrick Crescent Outfall,2011-11-18,,,,1020.0,ug/L
72,164576176,Site6,Kirkpatrick Crescent Outfall,2005-06-22,,,,290.0,ug/L
73,164576256,Site6,Kirkpatrick Crescent Outfall,2010-04-16,,,,226.0,ug/L
74,164576286,Site6,Kirkpatrick Crescent Outfall,2017-05-04,,,,131.0,ug/L
75,164576298,Site6,Kirkpatrick Crescent Outfall,2019-04-16,,,,36.0,ug/L
76,164576546,Site6,Kirkpatrick Crescent Outfall,2007-10-04,,,,65.0,ug/L
77,164576554,Site6,Kirkpatrick Crescent Outfall,2013-10-23,,,,11.0,ug/L
78,164576642,Site6,Kirkpatrick Crescent Outfall,2012-06-12,,,,160.0,ug/L
79,164576726,Site6,Kirkpatrick Crescent Outfall,2014-05-29,,,,122.0,ug/L
80,164576876,Site6,Kirkpatrick Crescent Outfall,2007-04-17,,,,152.0,ug/L
81,164576930,Site6,Kirkpatrick Crescent Outfall,2018-04-20,,,,61.0,ug/L
82,164577016,Site6,Kirkpatrick Crescent Outfall,2006-07-19,,,,200.0,ug/L
83,164577142,Site6,Kirkpatrick Crescent Outfall,2009-04-07,,,,65.0,ug/L
84,164577338,Site6,Kirkpatrick Crescent Outfall,2021-08-04,,,,261.0,ug/L
86,164577651,Site6,Kirkpatrick Crescent Outfall,2017-11-10,,,,266.0,ug/L
88,164577763,Site6,Kirkpatrick Crescent Outfall,2019-11-07,,,,92.0,ug/L
89,164577767,Site6,Kirkpatrick Crescent Outfall,2007-12-18,,,,286.0,ug/L
90,164577805,Site6,Kirkpatrick Crescent Outfall,2014-09-22,,,,153.0,ug/L
91,164577854,Site6,Kirkpatrick Crescent Outfall,2013-07-17,,,,147.0,ug/L
92,164577926,Site6,Kirkpatrick Crescent Outfall,2005-08-17,,,,2850.0,ug/L
93,164578187,Site6,Kirkpatrick Crescent Outfall,2022-02-15,,,,738.0,ug/L
94,164578224,Site6,Kirkpatrick Crescent Outfall,2017-06-09,,,,1240.0,ug/L
95,164578342,Site6,Kirkpatrick Crescent Outfall,2022-12-14,,,,0.202,ug/L
96,164578343,Site6,Kirkpatrick Crescent Outfall,2009-09-24,,,,725.0,ug/L
97,164578344,Site6,Kirkpatrick Crescent Outfall,2022-05-26,,,,1.78,ug/L
98,164578425,Site6,Kirkpatrick Crescent Outfall,2009-03-10,,,,146.0,ug/L
99,164578474,Site6,Kirkpatrick Crescent Outfall,2011-08-16,,,,328.0,ug/L
100,164578536,Site6,Kirkpatrick Crescent Outfall,2017-02-22,,,,37.0,ug/L
101,164578557,Site6,Kirkpatrick Crescent Outfall,2011-12-16,,,,342.0,ug/L
103,164578711,Site6,Kirkpatrick Crescent Outfall,2007-07-04,,,,245.0,ug/L
104,164578735,Site6,Kirkpatrick Crescent Outfall,2019-06-06,,,,410.0,ug/L
105,164578807,Site6,Kirkpatrick Crescent Outfall,2012-11-08,,,,241.0,ug/L
106,164578874,Site6,Kirkpatrick Crescent Outfall,2015-11-06,,,,207.0,ug/L
107,164578892,Site6,Kirkpatrick Crescent Outfall,2016-01-26,,,,14.0,ug/L
108,164578935,Site6,Kirkpatrick Crescent Outfall,2020-03-19,,,,376.0,ug/L
109,164578943,Site6,Kirkpatrick Crescent Outfall,2013-08-27,,,,117.0,ug/L
110,164578957,Site6,Kirkpatrick Crescent Outfall,2008-03-11,,,,676.0,ug/L
111,164579110,Site6,Kirkpatrick Crescent Outfall,2018-05-28,,,,58.0,ug/L
112,164579117,Site6,Kirkpatrick Crescent Outfall,2006-09-20,,,,358.0,ug/L
113,164579217,Site6,Kirkpatrick Crescent Outfall,2015-10-08,,,,175.0,ug/L
114,164579319,Site6,Kirkpatrick Crescent Outfall,2011-05-31,,,,219.0,ug/L
115,164579335,Site6,Kirkpatrick Crescent Outfall,2007-08-27,,,,419.0,ug/L
116,164579357,Site6,Kirkpatrick Crescent Outfall,2009-07-14,,,,315.0,ug/L
117,164579398,Site6,Kirkpatrick Crescent Outfall,2012-03-06,,,,10.0,ug/L
118,164579411,Site6,Kirkpatrick Crescent Outfall,2015-12-02,,,,14200.0,ug/L
119,164579478,Site6,Kirkpatrick Crescent Outfall,2011-04-15,,,,71.0,ug/L
120,164579543,Site6,Kirkpatrick Crescent Outfall,2010-03-12,,,,65.0,ug/L
121,164579568,Site6,Kirkpatrick Crescent Outfall,2010-11-16,,,,558.0,ug/L
122,164579616,Site6,Kirkpatrick Crescent Outfall,2016-08-31,,,,3030.0,ug/L
123,164579681,Site6,Kirkpatrick Crescent Outfall,2022-06-20,,,,0.038,ug/L
124,164579727,Site6,Kirkpatrick Crescent Outfall,2017-08-15,,,,766.0,ug/L
125,164579756,Site6,Kirkpatrick Crescent Outfall,2009-05-08,,,,166.0,ug/L
126,164579757,Site6,Kirkpatrick Crescent Outfall,2015-09-11,,,,981.0,ug/L
127,164579984,Site6,Kirkpatrick Crescent Outfall,2021-05-12,,,,879.0,ug/L
128,164580052,Site6,Kirkpatrick Crescent Outfall,2006-02-17,,,,240.0,ug/L
129,164580115,Site6,Kirkpatrick Crescent Outfall,2008-11-13,,,,200.0,ug/L
130,164580211,Site6,Kirkpatrick Crescent Outfall,2019-07-09,,,,51.0,ug/L
131,164580258,Site6,Kirkpatrick Crescent Outfall,2013-01-23,,,,184.0,ug/L
132,164580262,Site6,Kirkpatrick Crescent Outfall,2011-07-25,,,,95.0,ug/L
133,164580413,Site6,Kirkpatrick Crescent Outfall,2021-12-10,,,,280.0,ug/L
134,164580451,Site6,Kirkpatrick Crescent Outfall,2020-11-03,,,,111.0,ug/L
135,164580453,Site6,Kirkpatrick Crescent Outfall,2005-10-27,,,,333.0,ug/L
136,164580474,Site6,Kirkpatrick Crescent Outfall,2014-03-20,,,,155.0,ug/L
137,164580504,Site6,Kirkpatrick Crescent Outfall,2016-04-13,,,,113.0,ug/L
138,164580523,Site6,Kirkpatrick Crescent Outfall,2014-07-24,,,,140.0,ug/L
140,164580572,Site6,Kirkpatrick Crescent Outfall,2021-03-26,,,,146.0,ug/L
141,164580635,Site6,Kirkpatrick Crescent Outfall,2014-06-20,,,,155.0,ug/L
142,164580678,Site6,Kirkpatrick Crescent Outfall,2015-07-21,,,,1070.0,ug/L
143,164580686,Site6,Kirkpatrick Crescent Outfall,2013-06-28,,,,958.0,ug/L
144,164580770,Site6,Kirkpatrick Crescent Outfall,2012-02-15,,,,113.0,ug/L
145,164580836,Site6,Kirkpatrick Crescent Outfall,2014-08-29,,,,1110.0,ug/L
146,164580837,Site6,Kirkpatrick Crescent Outfall,2022-08-17,,,,1.42,ug/L
147,164580951,Site6,Kirkpatrick Crescent Outfall,2008-10-07,,,,178.0,ug/L
148,164580957,Site6,Kirkpatrick Crescent Outfall,2008-02-12,,,,463.0,ug/L
149,164580964,Site6,Kirkpatrick Crescent Outfall,2017-03-15,,,,70.0,ug/L
150,164580986,Site6,Kirkpatrick Crescent Outfall,2020-01-23,,,,74.0,ug/L
153,164581086,Site6,Kirkpatrick Crescent Outfall,2014-04-25,,,,72.0,ug/L
154,164581492,Site6,Kirkpatrick Crescent Outfall,2022-07-12,,,,5.44,ug/L
155,164581607,Site6,Kirkpatrick Crescent Outfall,2019-10-11,,,,3590.0,ug/L
157,164581691,Site6,Kirkpatrick Crescent Outfall,2020-02-20,,,,344.0,ug/L
158,164581824,Site6,Kirkpatrick Crescent Outfall,2020-08-13,,,,291.0,ug/L
159,164581840,Site6,Kirkpatrick Crescent Outfall,2007-03-20,,,,65.0,ug/L
160,164581900,Site6,Kirkpatrick Crescent Outfall,2006-12-04,,,,157.0,ug/L
161,164581962,Site6,Kirkpatrick Crescent Outfall,2011-09-30,,,,153.0,ug/L
162,164581978,Site6,Kirkpatrick Crescent Outfall,2006-03-08,,,,408.0,ug/L
163,164582050,Site6,Kirkpatrick Crescent Outfall,2006-06-22,,,,107.0,ug/L
164,164582092,Site6,Kirkpatrick Crescent Outfall,2007-11-27,,,,10100.0,ug/L
165,164582157,Site6,Kirkpatrick Crescent Outfall,2009-10-21,,,,226.0,ug/L
166,164582404,Site6,Kirkpatrick Crescent Outfall,2008-12-02,,,,227.0,ug/L
167,164582406,Site6,Kirkpatrick Crescent Outfall,2015-06-24,,,,187.0,ug/L
168,164582457,Site6,Kirkpatrick Crescent Outfall,2015-05-29,,,,229.0,ug/L
169,164582531,Site6,Kirkpatrick Crescent Outfall,2007-01-10,,,,112.0,ug/L
170,164582547,Site6,Kirkpatrick Crescent Outfall,2022-11-18,,,,1.64,ug/L
171,164582554,Site6,Kirkpatrick Crescent Outfall,2014-11-10,,,,126.0,ug/L
172,164582597,Site6,Kirkpatrick Crescent Outfall,2022-09-14,,,,7.06,ug/L
173,164582704,Site6,Kirkpatrick Crescent Outfall,2018-11-16,,,,142.0,ug/L
174,164582754,Site6,Kirkpatrick Crescent Outfall,2010-05-07,,,,225.0,ug/L
175,164582773,Site6,Kirkpatrick Crescent Outfall,2010-10-15,,,,140.0,ug/L
176,164582774,Site6,Kirkpatrick Crescent Outfall,2015-08-18,,,,143.0,ug/L
177,164582787,Site6,Kirkpatrick Crescent Outfall,2020-07-15,,,,1430.0,ug/L
178,164582799,Site6,Kirkpatrick Crescent Outfall,2013-09-17,,,,10.0,ug/L
180,164582899,Site6,Kirkpatrick Crescent Outfall,2011-02-16,,,,70.0,ug/L
181,164582913,Site6,Kirkpatrick Crescent Outfall,2008-05-13,,,,368.0,ug/L
182,164582959,Site6,Kirkpatrick Crescent Outfall,2010-09-13,,,,153.0,ug/L
183,164582992,Site6,Kirkpatrick Crescent Outfall,2005-08-16,,,,490.0,ug/L
184,164583131,Site6,Kirkpatrick Crescent Outfall,2019-05-07,,,,254.0,ug/L
185,164583232,Site6,Kirkpatrick Crescent Outfall,2009-12-14,,,,445.0,ug/L
186,164583235,Site6,Kirkpatrick Crescent Outfall,2005-12-22,,,,394.0,ug/L
187,164583284,Site6,Kirkpatrick Crescent Outfall,2005-12-09,,,,176.0,ug/L
188,164583326,Site6,Kirkpatrick Crescent Outfall,2019-12-05,,,,493.0,ug/L
189,164583372,Site6,Kirkpatrick Crescent Outfall,2006-10-25,,,,273.0,ug/L
190,164583397,Site6,Kirkpatrick Crescent Outfall,2021-07-08,,,,2680.0,ug/L
191,164583403,Site6,Kirkpatrick Crescent Outfall,2009-02-17,,,,232.0,ug/L
192,164583442,Site6,Kirkpatrick Crescent Outfall,2007-02-06,,,,115.0,ug/L
193,164583456,Site6,Kirkpatrick Crescent Outfall,2016-02-25,,,,45.0,ug/L
194,164583484,Site6,Kirkpatrick Crescent Outfall,2020-05-21,,,,68.0,ug/L
195,164583765,Site6,Kirkpatrick Crescent Outfall,2012-04-17,,,,126.0,ug/L
197,164583845,Site6,Kirkpatrick Crescent Outfall,2008-04-08,,,,422.0,ug/L
198,164583867,Site6,Kirkpatrick Crescent Outfall,2007-08-02,,,,497.0,ug/L
199,164583874,Site6,Kirkpatrick Crescent Outfall,2012-12-07,,,,72.0,ug/L
200,164583922,Site6,Kirkpatrick Crescent Outfall,2013-05-31,,,,148.0,ug/L
201,164583936,Site6,Kirkpatrick Crescent Outfall,2008-08-07,,,,1020.0,ug/L
202,164583975,Site6,Kirkpatrick Crescent Outfall,2012-09-21,,,,5230.0,ug/L
203,164584028,Site6,Kirkpatrick Crescent Outfall,2018-09-20,,,,139.0,ug/L
204,164584155,Site6,Kirkpatrick Crescent Outfall,2020-06-11,,,,7620.0,ug/L
205,240412923,10-400,Macklin Lake,2018-08-26,,,Non-Filterable (Particle),0.2175,mg/L
206,240412934,17-074,Lac des Îles,2017-08-06,,,Non-Filterable (Particle),0.0303,mg/L
207,240412966,06-165,Lac Obalski,2017-08-19,,,Non-Filterable (Particle),0.0173,mg/L
208,240413007,06-217,Borden Lake,2017-08-12,,,Non-Filterable (Particle),0.0016,mg/L
209,240413009,10-278,Pelican Lake,2018-07-09,,,Non-Filterable (Particle),0.1594,mg/L
210,240413017,06-066,Unnamed lake,2017-08-12,,,Non-Filterable (Particle),0.0013,mg/L
211,240413032,18-506,Whitewood Lake,2019-07-01,,,Non-Filterable (Particle),0.0079,mg/L
212,240413095,11-513,Bouchie Lake,2019-07-09,,,Non-Filterable (Particle),0.0578,mg/L
213,240413137,11-502,Blue Lake,2019-08-26,,,Non-Filterable (Particle),0.0061,mg/L
214,240413146,07-057,Piries Lake,2017-07-14,,,Non-Filterable (Particle),0.0044,mg/L
215,240413163,13-515,Unnamed lake,2019-07-13,,,Non-Filterable (Particle),0.0093,mg/L
216,240413210,07-011,Wiles Lake,2017-08-15,,,Non-Filterable (Particle),0.0022,mg/L
217,240413211,11-538,Rose Lake,2019-08-15,,,Non-Filterable (Particle),0.0235,mg/L
218,240413239,10-351,Handhills Lake,2018-08-18,,,Non-Filterable (Particle),0.1125,mg/L
219,240413283,12-534,Unnamed lake,2019-08-09,,,Non-Filterable (Particle),0.0029,mg/L
220,240413312,09-393,Claude Lake,2018-08-10,,,Non-Filterable (Particle),0.0643,mg/L
221,240413329,17-041,Étang à la Truite,2017-07-31,,,Non-Filterable (Particle),0.0036,mg/L
222,240413384,10-599,Bruce Lake,2019-07-11,,,Non-Filterable (Particle),1.9329,mg/L
223,240413433,11-629,Summit Lake,2019-08-20,,,Non-Filterable (Particle),0.0123,mg/L
224,240413452,10-415,Fishing Lake,2018-07-09,,,Non-Filterable (Particle),0.0294,mg/L
225,240413476,11-480,Hobson Lake,2019-07-27,,,Non-Filterable (Particle),0.0096,mg/L
226,240413482,11-630,Rainbow Lake,2019-08-23,,,Non-Filterable (Particle),0.0058,mg/L
227,240413519,18-337,Skaha Lake,2018-08-02,,,Non-Filterable (Particle),0.0072,mg/L
228,240413572,06-104,Lac Vouzier,2017-08-20,,,Non-Filterable (Particle),0.0021,mg/L
229,240413614,06-129,Lac Winsch,2017-08-24,,,Non-Filterable (Particle),0.0075,mg/L
230,240413624,07-007,Blair Lake,2017-07-29,,,Non-Filterable (Particle),0.0733,mg/L
231,240413646,04-622,Unnamed lake,2019-08-11,,,Non-Filterable (Particle),0.0121,mg/L
232,240413664,09-608,Cardinal Lake,2019-07-19,,,Non-Filterable (Particle),0.039,mg/L
233,240413678,12-636,Thetis Lake,2019-07-02,,,Non-Filterable (Particle),0.0046,mg/L
234,240413716,07-239,Lake Banook,2018-07-24,,,Non-Filterable (Particle),0.0085,mg/L
235,240413727,09-394,Elinor Lake,2018-08-11,,,Non-Filterable (Particle),0.0051,mg/L
236,240413740,06-314,O'Sullivan Lake,2018-08-26,,,Non-Filterable (Particle),0.0058,mg/L
237,240413763,08-148,Upper Rock Lake,2017-07-17,,,Non-Filterable (Particle),0.0031,mg/L
238,240413772,12-467,Green Lake,2019-07-07,,,Non-Filterable (Particle),0.0045,mg/L
239,240413777,09-605,Swan Lake,2019-07-23,,,Non-Filterable (Particle),0.0195,mg/L
240,240413778,08-190,Pinehurst Lake,2017-08-21,,,Non-Filterable (Particle),0.0086,mg/L
241,240413798,08-180,Eversley Lake,2017-08-03,,,Non-Filterable (Particle),0.0377,mg/L
242,240413806,09-290,Unnamed lake,2018-07-23,,,Non-Filterable (Particle),0.4045,mg/L
243,240413825,09-413,Unnamed lake,2018-07-07,,,Non-Filterable (Particle),0.0353,mg/L
244,240413885,09-430,Unnamed lake,2018-07-28,,,Non-Filterable (Particle),0.0099,mg/L
245,240413892,11-542,Witch Lake,2019-08-19,,,Non-Filterable (Particle),0.0048,mg/L
246,240413923,08-216,Silver Lake,2017-08-06,,,Non-Filterable (Particle),0.0072,mg/L
247,240413937,17-042,Serpentine Lake,2017-07-21,,,Non-Filterable (Particle),0.0032,mg/L
248,240413948,18-324,Kalamalka Lake,2018-07-13,,,Non-Filterable (Particle),0.0168,mg/L
249,240413959,06-267,Tippings Pond,2018-08-26,,,Non-Filterable (Particle),0.0055,mg/L
250,240413962,09-397,Upper Thérien Lake,2018-08-14,,,Non-Filterable (Particle),0.224,mg/L
251,240414032,07-032,Clare Lake,2017-08-24,,,Non-Filterable (Particle),0.004,mg/L
252,240414140,18-592,Missezula Lake,2019-07-01,,,Non-Filterable (Particle),0.0067,mg/L
253,240414159,06-307,L227,2018-08-11,,,Non-Filterable (Particle),0.0295,mg/L
254,240414160,17-094,Lac Jolicoeur,2017-08-26,,,Non-Filterable (Particle),0.0133,mg/L
255,240414175,04-623,Parker Lake,2019-08-12,,,Non-Filterable (Particle),0.0891,mg/L
256,240414216,06-146,Lac Blue Sea,2017-09-01,,,Non-Filterable (Particle),0.0309,mg/L
257,240414226,07-004,Mosleys Pond,2017-07-27,,,Non-Filterable (Particle),0.0206,mg/L
258,240414306,08-151,Devil Lake,2017-07-16,,,Non-Filterable (Particle),0.003,mg/L
259,240414340,10-412,Shoal Lake,2018-07-06,,,Non-Filterable (Particle),0.1564,mg/L
260,240414355,17-056,Lac Désiré,2017-08-03,,,Non-Filterable (Particle),0.0053,mg/L
261,240414356,11-490,Eena Lake,2019-08-09,,,Non-Filterable (Particle),0.0088,mg/L
262,240414378,17-078,Lac Rond,2017-07-27,,,Non-Filterable (Particle),0.0152,mg/L
263,240414430,11-497,Unnamed lake,2019-08-18,,,Non-Filterable (Particle),0.065,mg/L
264,240414487,07-025,French Lake,2017-08-21,,,Non-Filterable (Particle),0.0037,mg/L
265,240414505,17-086,Lac de la Dame,2017-07-20,,,Non-Filterable (Particle),0.0087,mg/L
266,240414597,18-507,Dutch Lake,2019-07-02,,,Non-Filterable (Particle),0.0042,mg/L
267,240414699,06-254,Little Rushy Pond,2018-08-08,,,Non-Filterable (Particle),0.0063,mg/L
268,240414712,11-626,Unnamed lake,2019-08-17,,,Non-Filterable (Particle),0.0137,mg/L
269,240414726,09-426,Sled Lake,2018-07-24,,,Non-Filterable (Particle),0.0871,mg/L
270,240414734,08-172,Unnamed lake,2017-08-19,,,Non-Filterable (Particle),0.1182,mg/L
271,240414889,10-406,Red Deer Lake,2018-08-25,,,Non-Filterable (Particle),0.027,mg/L
272,240414896,09-604,Saskatoon Lake,2019-07-20,,,Non-Filterable (Particle),0.0946,mg/L
273,240414928,06-274,Rabbit Lake,2018-07-05,,,Non-Filterable (Particle),0.0077,mg/L
274,240414960,08-193,Dankert Lake,2017-08-12,,,Non-Filterable (Particle),0.0084,mg/L
275,240415006,12-635,Prospect Lake,2019-07-01,,,Non-Filterable (Particle),0.0046,mg/L
276,240415069,06-273,Round Lake,2018-07-03,,,Non-Filterable (Particle),0.0101,mg/L
277,240415076,17-113,Spooner Pond,2017-08-28,,,Non-Filterable (Particle),0.0128,mg/L
278,240415080,06-294,Unnamed lake,2018-07-29,,,Non-Filterable (Particle),0.0083,mg/L
279,240415091,06-127,Lac Duminy,2017-08-26,,,Non-Filterable (Particle),0.0222,mg/L
280,240415094,06-266,River Pond,2018-08-24,,,Non-Filterable (Particle),0.0073,mg/L
281,240415166,12-464,Lily Lake,2019-07-03,,,Non-Filterable (Particle),0.0111,mg/L
282,240415192,10-386,Unnamed lake,2018-08-03,,,Non-Filterable (Particle),0.1399,mg/L
283,240415223,12-652,Hoggan Lake,2019-07-22,,,Non-Filterable (Particle),0.009,mg/L
284,240415228,11-539,Tachick Lake,2019-08-16,,,Non-Filterable (Particle),0.1096,mg/L
285,240415278,10-399,Thomas Lake,2018-08-18,,,Non-Filterable (Particle),0.1613,mg/L
286,240415299,06-455,Unnamed lake,2018-08-23,,,Non-Filterable (Particle),0.0136,mg/L
287,240415429,10-355,Lac Pelletier,2018-08-23,,,Non-Filterable (Particle),0.0278,mg/L
288,240415430,11-470,Dunalter Lake,2019-07-14,,,Non-Filterable (Particle),0.0093,mg/L
289,240415450,11-478,Ferguson Lake,2019-07-24,,,Non-Filterable (Particle),0.0161,mg/L
290,240415460,13-519,Watson Lake,2019-07-15,,,Non-Filterable (Particle),0.0081,mg/L
291,240415562,10-600,Unnamed lake,2019-07-12,,,Non-Filterable (Particle),0.0668,mg/L
292,240415579,09-423,Unnamed lake,2018-07-20,,,Non-Filterable (Particle),0.0065,mg/L
293,240415603,08-207,Emmett Lake,2017-07-29,,,Non-Filterable (Particle),0.0047,mg/L
294,240415621,13-559,Kluachon Lake,2019-07-12,,,Non-Filterable (Particle),0.0135,mg/L
295,240415626,06-198,Dora Lake,2017-08-14,,,Non-Filterable (Particle),0.0067,mg/L
296,240415668,12-504,Chehalis Lake,2019-08-26,,,Non-Filterable (Particle),0.0011,mg/L
297,240415680,06-071,Lac Parenthèses,2017-08-13,,,Non-Filterable (Particle),0.0031,mg/L
298,240415877,12-637,Lake Weston,2019-07-04,,,Non-Filterable (Particle),0.0053,mg/L
299,240415884,08-149,Newboro Lake,2017-07-14,,,Non-Filterable (Particle),0.0017,mg/L
300,240415923,07-226,Trout Lake,2018-07-05,,,Non-Filterable (Particle),0.0052,mg/L
301,240415947,06-313,Pakashkan Lake,2018-08-24,,,Non-Filterable (Particle),0.008,mg/L
302,240416017,06-262,Stern Pond,2018-08-18,,,Non-Filterable (Particle),0.0021,mg/L
303,240416066,07-033,Napadogan Lake,2017-08-02,,,Non-Filterable (Particle),0.0049,mg/L
304,240416068,10-416,Unnamed lake,2018-07-10,,,Non-Filterable (Particle),0.0168,mg/L
305,240416078,07-051,Blue Bell Lake,2017-07-16,,,Non-Filterable (Particle),0.0074,mg/L
306,240416112,04-582,Unnamed lake,2019-08-06,,,Non-Filterable (Particle),0.0392,mg/L
307,240416168,08-203,Arran Lake,2017-07-21,,,Non-Filterable (Particle),0.0061,mg/L
308,240416223,07-250,Lake Ainslie,2018-08-02,,,Non-Filterable (Particle),0.0054,mg/L
309,240416262,09-425,Unnamed lake,2018-07-22,,,Non-Filterable (Particle),0.062,mg/L
310,240416283,07-242,Loon Lake,2018-07-13,,,Non-Filterable (Particle),0.0047,mg/L
311,240416324,11-489,Mollice Lake,2019-08-06,,,Non-Filterable (Particle),0.0089,mg/L
312,240416348,17-027,Lac à l'Oie,2017-07-25,,,Non-Filterable (Particle),0.0031,mg/L
313,240416359,08-183,Unnamed lake,2017-08-04,,,Non-Filterable (Particle),0.0073,mg/L
314,240416384,06-260,Great Pond,2018-08-17,,,Non-Filterable (Particle),0.0314,mg/L
315,240416423,18-327,Shannon Lake,2018-07-16,,,Non-Filterable (Particle),0.0124,mg/L
316,240416465,08-163,Seymour Lake,2017-07-27,,,Non-Filterable (Particle),0.0049,mg/L
317,240416483,11-479,Unnamed lake,2019-07-26,,,Non-Filterable (Particle),0.0059,mg/L
318,240416496,07-230,Fenerty Lake,2018-07-15,,,Non-Filterable (Particle),0.0074,mg/L
319,240416558,10-349,Unnamed lake,2018-08-16,,,Non-Filterable (Particle),0.121,mg/L
320,240416588,13-561,Simmons Lake,2019-07-14,,,Non-Filterable (Particle),0.0033,mg/L
321,240416604,08-118,Lac Saint-Paul,2017-08-20,,,Non-Filterable (Particle),0.1045,mg/L
322,240416607,04-577,Unnamed lake,2019-08-05,,,Non-Filterable (Particle),0.0198,mg/L
323,240416652,06-258,Hogans Pond,2018-08-12,,,Non-Filterable (Particle),0.0047,mg/L
324,240416659,09-299,Husey Lake,2018-08-04,,,Non-Filterable (Particle),0.0934,mg/L
325,240416661,14-585,Two Moose Lake,2019-08-12,,,Non-Filterable (Particle),0.0087,mg/L
326,240416665,13-560,Allan Lake,2019-07-13,,,Non-Filterable (Particle),0.0068,mg/L
327,240416679,13-586,Fox Lake,2019-08-16,,,Non-Filterable (Particle),0.0028,mg/L
328,240416724,11-485,Eakin Lake,2019-08-02,,,Non-Filterable (Particle),0.0087,mg/L
329,240416756,08-209,Cameron Lake,2017-08-01,,,Non-Filterable (Particle),0.003,mg/L
330,240416798,11-483,Co-op Lake,2019-07-30,,,Non-Filterable (Particle),0.0089,mg/L
331,240416807,06-304,L226,2018-08-14,,,Non-Filterable (Particle),0.0051,mg/L
332,240416889,07-236,Governor Lake,2018-07-16,,,Non-Filterable (Particle),0.0071,mg/L
333,240416918,04-609,Heart Lake,2019-07-30,,,Non-Filterable (Particle),0.0082,mg/L
334,240416942,18-550,Pimainus Lakes,2019-06-30,,,Non-Filterable (Particle),0.0093,mg/L
335,240417042,11-503,Clearwater Lake,2019-08-25,,,Non-Filterable (Particle),0.0154,mg/L
336,240417084,09-370,Fickle Lake,2018-07-12,,,Non-Filterable (Particle),0.0136,mg/L
337,240417093,11-557,Greeny Lake,2019-07-08,,,Non-Filterable (Particle),0.0072,mg/L
338,240417147,12-673,Maple Lake,2019-08-18,,,Non-Filterable (Particle),0.004,mg/L
339,240417185,17-076,Lac Dole,2017-07-30,,,Non-Filterable (Particle),0.0091,mg/L
340,240417189,04-615,Pine Lake,2019-08-01,,,Non-Filterable (Particle),0.0058,mg/L
341,240417190,09-302,Norris Lake,2018-08-09,,,Non-Filterable (Particle),0.03,mg/L
342,240417222,07-245,Pringle Lake,2018-07-27,,,Non-Filterable (Particle),0.003,mg/L
343,240417224,04-612,Unnamed lake,2019-07-27,,,Non-Filterable (Particle),0.0077,mg/L
344,240417273,13-517,Second Wye Lake,2019-07-16,,,Non-Filterable (Particle),0.0066,mg/L
345,240417387,10-438,Crookshanks Lake,2018-08-04,,,Non-Filterable (Particle),0.0228,mg/L
346,240417434,07-006,Collins Lake,2017-07-24,,,Non-Filterable (Particle),0.0048,mg/L
347,240417481,18-326,Wood Lake,2018-07-14,,,Non-Filterable (Particle),0.0104,mg/L
348,240417521,07-237,Five Island Lake,2018-07-22,,,Non-Filterable (Particle),0.0047,mg/L
349,240417559,08-175,Sunova Lake,2017-08-18,,,Non-Filterable (Particle),0.0082,mg/L
350,240417573,07-238,First Chain Lake,2018-07-17,,,Non-Filterable (Particle),0.0016,mg/L
351,240417623,08-205,Gillies Lake,2017-07-28,,,Non-Filterable (Particle),0.0038,mg/L
352,240417655,11-484,Unnamed lake,2019-08-01,,,Non-Filterable (Particle),0.0479,mg/L
353,240417663,08-168,Sturgeon Lake,2017-09-06,,,Non-Filterable (Particle),0.0072,mg/L
354,240417692,06-315,Johnson's Lake,2018-08-28,,,Non-Filterable (Particle),0.0103,mg/L
355,240417697,12-642,Langford Lake,2019-07-11,,,Non-Filterable (Particle),0.0075,mg/L
356,240417705,09-427,Poplar Ridge Lake,2018-07-26,,,Non-Filterable (Particle),0.0042,mg/L
357,240417728,08-189,Schmidt Lake,2017-08-11,,,Non-Filterable (Particle),0.0157,mg/L
358,240417746,18-341,Silver Lake,2018-07-29,,,Non-Filterable (Particle),0.0043,mg/L
359,240417802,17-112,Lac des Français,2017-08-31,,,Non-Filterable (Particle),0.0042,mg/L
360,240417880,10-453,Unnamed lake,2018-08-13,,,Non-Filterable (Particle),0.0798,mg/L
361,240417913,18-333,Paradise Lake,2018-07-26,,,Non-Filterable (Particle),0.0074,mg/L
362,240417984,08-211,Sucker Lake,2017-08-08,,,Non-Filterable (Particle),0.0057,mg/L
363,240418010,12-649,Fuller Lake,2019-07-19,,,Non-Filterable (Particle),0.0029,mg/L
364,240418026,07-241,Bissett Lake,2018-07-10,,,Non-Filterable (Particle),0.014,mg/L
365,240418080,14-570,Gravel Lake,2019-08-14,,,Non-Filterable (Particle),0.4075,mg/L
366,240418096,07-052,Davidson Lake,2017-08-30,,,Non-Filterable (Particle),0.0043,mg/L
367,240418098,17-059,Lac de Saint-Damase,2017-08-07,,,Non-Filterable (Particle),0.0501,mg/L
368,240418111,06-270,Curls Pond,2018-08-30,,,Non-Filterable (Particle),0.0046,mg/L
369,240418162,04-613,Unnamed lake,2019-07-28,,,Non-Filterable (Particle),0.0038,mg/L
370,240418189,14-571,Chapman Lake,2019-07-27,,,Non-Filterable (Particle),0.0076,mg/L
371,240418218,06-124,Lac de l'Achigan,2017-07-11,,,Non-Filterable (Particle),0.0053,mg/L
372,240418227,07-029,Ritchie Lake,2017-08-05,,,Non-Filterable (Particle),0.0045,mg/L
373,240418231,12-638,Cusheon Lake,2019-07-05,,,Non-Filterable (Particle),0.0071,mg/L
374,240418344,10-446,Acton Lake,2018-08-17,,,Non-Filterable (Particle),0.0167,mg/L
375,240418358,12-648,Quamichan Lake,2019-07-18,,,Non-Filterable (Particle),0.049,mg/L
376,240418386,12-674,Chicadee Lake,2019-08-19,,,Non-Filterable (Particle),0.0058,mg/L
377,240418402,12-641,Magic Lake,2019-07-08,,,Non-Filterable (Particle),0.0221,mg/L
378,240418457,11-554,Hammer Lake,2019-07-05,,,Non-Filterable (Particle),0.0116,mg/L
379,240418529,08-150,Round Lake,2017-07-20,,,Non-Filterable (Particle),0.0025,mg/L
380,240418575,11-501,Nimpo Lake,2019-08-24,,,Non-Filterable (Particle),0.0181,mg/L
381,240418603,12-463,Garden Bay Lake,2019-07-02,,,Non-Filterable (Particle),0.0027,mg/L
382,240418781,06-085,Lac Nairne,2017-08-18,,,Non-Filterable (Particle),0.0362,mg/L
383,240418792,07-225,Little Dyke Lake,2018-07-03,,,Non-Filterable (Particle),0.0072,mg/L
384,240418883,12-668,Upper Quinsam Lake,2019-08-02,,,Non-Filterable (Particle),0.001,mg/L
385,240418942,13-568,Ethel Lake,2019-07-23,,,Non-Filterable (Particle),0.0029,mg/L
386,240418968,10-598,Astotin Lake,2019-07-09,,,Non-Filterable (Particle),0.1451,mg/L
387,240418979,12-529,Jigsaw Lake,2019-08-02,,,Non-Filterable (Particle),0.0027,mg/L
388,240419012,18-335,Nicola Lake,2018-07-23,,,Non-Filterable (Particle),0.0161,mg/L
389,240419049,08-182,Little Lake,2017-08-24,,,Non-Filterable (Particle),0.0153,mg/L
390,240419087,06-259,Millers Pond,2018-08-14,,,Non-Filterable (Particle),0.0069,mg/L
391,240419091,06-312,Botsford Lake,2018-08-23,,,Non-Filterable (Particle),0.0085,mg/L
392,240419093,08-181,Bass Lake,2017-08-26,,,Non-Filterable (Particle),0.0067,mg/L
393,240419100,12-645,Weeks Lake,2019-07-14,,,Non-Filterable (Particle),0.0046,mg/L
394,240419105,17-060,Lac Michaud,2017-08-01,,,Non-Filterable (Particle),0.0104,mg/L
395,240419144,18-553,Strachan Lake,2019-07-04,,,Non-Filterable (Particle),0.0094,mg/L
396,240419149,08-206,Cyprus lake,2017-07-31,,,Non-Filterable (Particle),0.0031,mg/L
397,240419156,08-188,Fairy Lake,2017-08-07,,,Non-Filterable (Particle),0.0136,mg/L
398,240419178,06-310,Ponsford Lake,2018-08-19,,,Non-Filterable (Particle),0.0113,mg/L
399,240419194,10-401,Unnamed lake,2018-08-23,,,Non-Filterable (Particle),0.0172,mg/L
400,240419196,09-395,Upper Mann Lake,2018-08-12,,,Non-Filterable (Particle),0.0955,mg/L
401,240419206,12-660,Nimpkish Lake,2019-08-11,,,Non-Filterable (Particle),0.0012,mg/L
402,240419301,10-356,Fife Lake,2018-08-24,,,Non-Filterable (Particle),0.084,mg/L
403,240419419,09-286,Nut Lake,2018-07-20,,,Non-Filterable (Particle),0.1846,mg/L
404,240419423,12-647,Somenos Lake,2019-07-16,,,Non-Filterable (Particle),0.0739,mg/L
405,240419515,17-062,Lac Aubin,2017-08-11,,,Non-Filterable (Particle),0.0066,mg/L
406,240419524,10-445,Schmidt Lake,2018-08-14,,,Non-Filterable (Particle),0.0829,mg/L
407,240419533,08-213,Bass Lake,2017-08-03,,,Non-Filterable (Particle),0.0103,mg/L
408,240419599,12-461,Burnaby Lake,2019-07-01,,,Non-Filterable (Particle),0.0273,mg/L
409,240419611,06-103,Lac à la Croix,2017-08-22,,,Non-Filterable (Particle),0.0062,mg/L
410,240419612,10-346,Beaverdam Lake,2018-08-11,,,Non-Filterable (Particle),0.0107,mg/L
411,240419650,06-171,Lac Macamic,2017-08-17,,,Non-Filterable (Particle),0.0497,mg/L
412,240419657,09-602,Willow Lake,2019-07-16,,,Non-Filterable (Particle),0.0214,mg/L
413,240419740,09-380,Unnamed lake,2018-07-24,,,Non-Filterable (Particle),0.0417,mg/L
414,240419762,09-596,Pigeon Lake,2019-07-07,,,Non-Filterable (Particle),0.0217,mg/L
415,240419854,17-061,Lac des Joncs,2017-08-10,,,Non-Filterable (Particle),0.0123,mg/L
416,240419871,07-001,Whitlocks Pond,2017-07-22,,,Non-Filterable (Particle),0.0123,mg/L
417,240419944,08-179,Wilcox Lake,2017-08-01,,,Non-Filterable (Particle),0.0069,mg/L
418,240420019,11-556,Sepa Lake,2019-07-07,,,Non-Filterable (Particle),0.0086,mg/L
419,240420109,04-572,Nataiinlaii Gwint’ii Van,2019-07-31,,,Non-Filterable (Particle),0.0089,mg/L
420,240420110,09-374,Unnamed lake,2018-07-17,,,Non-Filterable (Particle),0.0396,mg/L
421,240420111,18-319,Gardom Lake,2018-07-07,,,Non-Filterable (Particle),0.0035,mg/L
422,240420122,06-295,Eden Lake,2018-07-30,,,Non-Filterable (Particle),0.0096,mg/L
423,240420201,11-316,Slocan Lake,2018-07-03,,,Non-Filterable (Particle),0.0028,mg/L
424,240420325,09-371,Millers Lake,2018-07-13,,,Non-Filterable (Particle),0.006,mg/L
425,240420344,17-088,Lac Etchemin,2017-07-22,,,Non-Filterable (Particle),0.0034,mg/L
426,240420473,07-026,Crocker Lake,2017-07-15,,,Non-Filterable (Particle),0.0076,mg/L
427,240420538,11-500,Unnamed lake,2019-08-22,,,Non-Filterable (Particle),0.0229,mg/L
428,240420593,08-155,Varty Lake,2017-07-22,,,Non-Filterable (Particle),0.0039,mg/L
429,240420603,08-187,Farden Lake,2017-07-24,,,Non-Filterable (Particle),0.0014,mg/L
430,240420642,11-511,Otter Lake,2019-07-07,,,Non-Filterable (Particle),0.0072,mg/L
431,240420740,10-361,Gillis Lake,2018-08-26,,,Non-Filterable (Particle),0.0276,mg/L
432,240420747,11-631,Dragon Lake,2019-08-24,,,Non-Filterable (Particle),0.0041,mg/L
433,240420750,11-494,Nulki Lake,2019-08-13,,,Non-Filterable (Particle),0.0562,mg/L
434,240420756,07-028,Everitts Lake,2017-08-26,,,Non-Filterable (Particle),0.0304,mg/L
435,240420767,10-436,Suffern Lake,2018-08-12,,,Non-Filterable (Particle),0.0125,mg/L
436,240420771,08-134,Loch Garry,2017-09-11,,,Non-Filterable (Particle),0.0104,mg/L
437,240420799,11-471,Round Lake,2019-07-12,,,Non-Filterable (Particle),0.0138,mg/L
438,240420859,10-417,Houghton Lake,2018-07-12,,,Non-Filterable (Particle),0.0487,mg/L
439,240420903,06-096,Lac Saint-Charles,2017-08-25,,,Non-Filterable (Particle),0.0434,mg/L
440,240420960,13-565,Jackfish Lake,2019-07-18,,,Non-Filterable (Particle),0.0063,mg/L
441,240421012,17-070,Lac Témiscouata,2017-07-29,,,Non-Filterable (Particle),0.0065,mg/L
442,240421077,04-624,Unnamed lake,2019-08-13,,,Non-Filterable (Particle),0.0121,mg/L
443,240421082,12-528,Clements Lake,2019-08-01,,,Non-Filterable (Particle),0.0015,mg/L
444,240421098,08-210,Unnamed lake,2017-08-14,,,Non-Filterable (Particle),0.0025,mg/L
445,240421116,11-488,Tatalaska Lake,2019-08-05,,,Non-Filterable (Particle),0.0348,mg/L
446,240421118,06-303,Gull Lake,2018-08-10,,,Non-Filterable (Particle),0.0349,mg/L
447,240421131,06-167,Lac Chenon,2017-08-31,,,Non-Filterable (Particle),0.0277,mg/L
448,240421138,11-477,Hanson Lake,2019-07-22,,,Non-Filterable (Particle),0.0337,mg/L
449,240421152,07-232,Pigott Lake,2018-07-07,,,Non-Filterable (Particle),0.0041,mg/L
450,240421207,06-159,Mink Lake,2017-09-08,,,Non-Filterable (Particle),0.0029,mg/L
451,240421216,06-174,Lac Wasi,2017-09-02,,,Non-Filterable (Particle),0.0125,mg/L
452,240421218,17-111,Lac Montjoie,2017-07-10,,,Non-Filterable (Particle),0.0069,mg/L
453,240421236,07-049,Unnamed lake,2017-07-17,,,Non-Filterable (Particle),0.0057,mg/L
454,240421238,12-537,Taltzen Lake,2019-08-13,,,Non-Filterable (Particle),0.0131,mg/L
455,240421263,10-350,Keiver's Lake,2018-08-17,,,Non-Filterable (Particle),0.0485,mg/L
456,240421280,11-547,Naltesby Lake,2019-08-26,,,Non-Filterable (Particle),0.0135,mg/L
457,240421328,09-409,Falcon Lake,2018-07-03,,,Non-Filterable (Particle),0.0193,mg/L
458,240421333,18-340,Mahoney Lake,2018-08-03,,,Non-Filterable (Particle),0.0074,mg/L
459,240421340,09-381,Winagami Lake,2018-07-26,,,Non-Filterable (Particle),0.0367,mg/L
460,240421366,07-240,Morris Lake,2018-07-12,,,Non-Filterable (Particle),0.0067,mg/L
461,240421451,06-100,Lac Élie-Gagnon,2017-08-21,,,Non-Filterable (Particle),0.0019,mg/L
462,240421453,07-030,Lily Lake,2017-08-04,,,Non-Filterable (Particle),0.003,mg/L
463,240421468,12-643,Glen Lake,2019-07-12,,,Non-Filterable (Particle),0.0048,mg/L
464,240421497,06-272,Unnamed lake,2018-07-02,,,Non-Filterable (Particle),0.0018,mg/L
465,240421506,04-618,Chan Lake,2019-08-07,,,Non-Filterable (Particle),0.019,mg/L
466,240421511,18-468,Anderson Lake,2019-07-09,,,Non-Filterable (Particle),0.0003,mg/L
467,240421528,10-283,Bennet Lake,2018-07-15,,,Non-Filterable (Particle),0.1677,mg/L
468,240421574,07-233,Springfield Lake,2018-07-19,,,Non-Filterable (Particle),0.0039,mg/L
469,240421588,10-389,Skaro Lake,2018-08-05,,,Non-Filterable (Particle),0.0939,mg/L
470,240421643,06-256,Three Island Pond,2018-08-11,,,Non-Filterable (Particle),0.0053,mg/L
471,240421717,11-558,Tabor Lake,2019-07-09,,,Non-Filterable (Particle),0.0144,mg/L
472,240421728,12-473,Kitseguecla Lake,2019-07-13,,,Non-Filterable (Particle),0.0046,mg/L
473,240421742,06-293,Liz Lake,2018-07-28,,,Non-Filterable (Particle),0.0077,mg/L
474,240421748,12-549,Laxton Lake,2019-06-29,,,Non-Filterable (Particle),0.0084,mg/L
475,240421779,11-590,Aleza Lake,2019-08-24,,,Non-Filterable (Particle),0.013,mg/L
476,240421804,08-212,Pike Lake,2017-08-07,,,Non-Filterable (Particle),0.0081,mg/L
477,240421817,07-010,Gaspereau Lake,2017-08-11,,,Non-Filterable (Particle),0.0043,mg/L
478,240421842,10-357,Unnamed lake,2018-08-25,,,Non-Filterable (Particle),0.1314,mg/L
479,240421857,18-338,Green Lake,2018-07-30,,,Non-Filterable (Particle),0.0094,mg/L
480,240421952,18-339,Vaseux Lake,2018-07-31,,,Non-Filterable (Particle),0.0083,mg/L
481,240421980,06-158,Lac Merlin,2017-08-21,,,Non-Filterable (Particle),0.0032,mg/L
482,240422009,10-348,Shanks Lake,2018-08-12,,,Non-Filterable (Particle),0.0837,mg/L
483,240422101,09-377,Unnamed lake,2018-07-21,,,Non-Filterable (Particle),0.0683,mg/L
484,240422104,09-373,Unnamed lake,2018-07-15,,,Non-Filterable (Particle),0.0184,mg/L
485,240422131,11-625,Crystal Lake,2019-08-16,,,Non-Filterable (Particle),0.0028,mg/L
486,240422139,06-311,L224,2018-08-13,,,Non-Filterable (Particle),0.0021,mg/L
487,240422145,17-072,Grand lac Malobès,2017-08-05,,,Non-Filterable (Particle),0.0211,mg/L
488,240422183,17-122,Lac Roxton,2017-07-12,,,Non-Filterable (Particle),0.0434,mg/L
489,240422192,08-197,Copps Lake,2017-07-25,,,Non-Filterable (Particle),0.0031,mg/L
490,240422199,11-541,Takatoot Lake,2019-08-20,,,Non-Filterable (Particle),0.0054,mg/L
491,240422238,10-435,Manitou Lake,2018-08-05,,,Non-Filterable (Particle),0.0311,mg/L
492,240422255,09-382,Montagneuse Lake,2018-07-27,,,Non-Filterable (Particle),0.022,mg/L
493,240422268,06-178,Gull Lake,2017-09-03,,,Non-Filterable (Particle),0.0235,mg/L
494,240422336,13-567,Little Salmon Lake,2019-07-21,,,Non-Filterable (Particle),0.0022,mg/L
495,240422392,09-603,Kearl Lake,2019-07-15,,,Non-Filterable (Particle),0.0229,mg/L
496,240422401,04-576,Chii Echęįį Van,2019-08-08,,,Non-Filterable (Particle),0.0094,mg/L
497,240422407,06-142,Lac Manitou,2017-08-31,,,Non-Filterable (Particle),0.0167,mg/L
498,240422411,17-082,Lac Saint-Pierre,2017-07-11,,,Non-Filterable (Particle),0.0128,mg/L
499,240422413,08-218,Falls Lake,2017-08-04,,,Non-Filterable (Particle),0.0042,mg/L
500,240422434,13-522,Cliff Lake,2019-07-21,,,Non-Filterable (Particle),0.0706,mg/L
501,240422522,10-281,Max Lake,2018-07-08,,,Non-Filterable (Particle),0.0229,mg/L
502,240422552,17-073,Lac de la Station,2017-08-08,,,Non-Filterable (Particle),0.0342,mg/L
503,240422602,09-447,Mistawasis Lake,2018-08-20,,,Non-Filterable (Particle),0.0131,mg/L
504,240422605,08-170,Head Lake,2017-09-05,,,Non-Filterable (Particle),0.0053,mg/L
505,240422617,09-419,Unnamed lake,2018-07-14,,,Non-Filterable (Particle),0.0561,mg/L
506,240422625,06-140,Lac Daine,2017-08-22,,,Non-Filterable (Particle),0.024,mg/L
507,240422741,10-277,Gibsons Lake,2018-07-10,,,Non-Filterable (Particle),0.0298,mg/L
508,240422758,18-552,Stake Lake,2019-07-02,,,Non-Filterable (Particle),0.0067,mg/L
509,240422787,12-466,Lillooet Lake,2019-07-06,,,Non-Filterable (Particle),0.0149,mg/L
510,240422795,10-441,Unnamed lake,2018-08-10,,,Non-Filterable (Particle),0.0243,mg/L
511,240422849,11-491,Chief Lake,2019-08-10,,,Non-Filterable (Particle),0.0335,mg/L
512,240422934,07-031,Lac Innocent,2017-08-25,,,Non-Filterable (Particle),0.0054,mg/L
513,240422936,10-352,Namaka Lake,2018-08-19,,,Non-Filterable (Particle),0.0558,mg/L
514,240422970,06-199,Lillabelle Lake,2017-08-15,,,Non-Filterable (Particle),0.0094,mg/L
515,240422989,10-284,Unnamed lake,2018-07-16,,,Non-Filterable (Particle),0.0801,mg/L
516,240423001,12-639,St Mary Lake,2019-07-06,,,Non-Filterable (Particle),0.0061,mg/L
517,240423006,12-676,Cranby Lake,2019-08-23,,,Non-Filterable (Particle),0.0105,mg/L
518,240423018,17-058,Lac Antoine,2017-08-04,,,Non-Filterable (Particle),0.0201,mg/L
519,240423075,10-444,Murray Lake,2018-08-16,,,Non-Filterable (Particle),0.0518,mg/L
520,240423076,13-679,Kloo Lake,2019-07-24,,,Non-Filterable (Particle),0.0105,mg/L
521,240423152,18-321,Pillar Lake,2018-07-09,,,Non-Filterable (Particle),0.0076,mg/L
522,240423155,10-347,Outpost Lake,2018-08-13,,,Non-Filterable (Particle),0.011,mg/L
523,240423174,06-080,Lac Jérôme,2017-08-15,,,Non-Filterable (Particle),0.0021,mg/L
524,240423177,06-196,Lac Ramsey,2017-08-28,,,Non-Filterable (Particle),0.0031,mg/L
525,240423200,04-620,Unnamed lake,2019-08-08,,,Non-Filterable (Particle),0.0094,mg/L
526,240423217,09-408,Eleven Lake,2018-07-01,,,Non-Filterable (Particle),0.0166,mg/L
527,240423243,12-533,Unnamed lake,2019-08-10,,,Non-Filterable (Particle),0.0018,mg/L
528,240423331,08-215,Unnamed lake,2017-08-15,,,Non-Filterable (Particle),0.137,mg/L
529,240423334,07-249,Embrees Pond,2018-07-31,,,Non-Filterable (Particle),0.1807,mg/L
530,240423366,17-054,Eightmile Lake,2017-07-31,,,Non-Filterable (Particle),0.0203,mg/L
531,240423430,09-421,Unnamed lake,2018-07-16,,,Non-Filterable (Particle),0.0548,mg/L
532,240423524,11-545,Seas Lake,2019-08-23,,,Non-Filterable (Particle),0.1411,mg/L
533,240423533,06-036,Lac des Rapides,2017-08-10,,,Non-Filterable (Particle),0.0021,mg/L
534,240423536,09-454,Kerrs Lake,2018-08-27,,,Non-Filterable (Particle),0.1097,mg/L
535,240423584,06-156,Wabun Lake,2017-09-06,,,Non-Filterable (Particle),0.0032,mg/L
536,240423633,07-227,Shortts Lake,2018-07-06,,,Non-Filterable (Particle),0.0064,mg/L
537,240423706,09-376,Peanut Lake,2018-07-20,,,Non-Filterable (Particle),0.0671,mg/L
538,240423721,12-472,Unnamed lake,2019-07-15,,,Non-Filterable (Particle),0.0108,mg/L
539,240423722,09-418,Hazel Lake,2018-07-13,,,Non-Filterable (Particle),0.0826,mg/L
540,240423773,07-055,Lake Edward,2017-07-15,,,Non-Filterable (Particle),0.0075,mg/L
541,240423817,11-493,Unnamed lake,2019-08-12,,,Non-Filterable (Particle),0.0273,mg/L
542,240423858,18-593,Pennask Lake,2019-07-02,,,Non-Filterable (Particle),0.018,mg/L
543,240423922,07-023,Goose Lake,2017-08-19,,,Non-Filterable (Particle),0.006,mg/L
544,240423953,18-320,Otter Lake,2018-07-08,,,Non-Filterable (Particle),0.11,mg/L
545,240423962,09-424,Unnamed lake,2018-07-21,,,Non-Filterable (Particle),0.0133,mg/L
546,240423969,08-184,Heart Lake,2017-08-05,,,Non-Filterable (Particle),0.0134,mg/L
547,240424026,06-257,Octagon Pond,2018-08-16,,,Non-Filterable (Particle),0.0046,mg/L
548,240424143,10-433,Unnamed lake,2018-08-02,,,Non-Filterable (Particle),0.0495,mg/L
549,240424155,10-414,Wilson Lake,2018-07-08,,,Non-Filterable (Particle),0.0267,mg/L
550,240424157,06-253,Burnt Berry Pond,2018-08-07,,,Non-Filterable (Particle),0.0015,mg/L
551,240424173,08-097,Lac Saint-Augustin,2017-08-26,,,Non-Filterable (Particle),0.1901,mg/L
552,240424194,07-234,Halfway Lake,2018-07-09,,,Non-Filterable (Particle),0.0056,mg/L
553,240424199,07-016,Folly Lake,2017-07-30,,,Non-Filterable (Particle),0.0301,mg/L
554,240424211,09-391,Charron Lake,2018-08-07,,,Non-Filterable (Particle),0.0615,mg/L
555,240424239,14-584,Unnamed lake,2019-07-26,,,Non-Filterable (Particle),0.0091,mg/L
556,240424255,09-450,Meeting Lake,2018-08-19,,,Non-Filterable (Particle),0.0357,mg/L
557,240424260,10-354,Gull Lake,2018-08-21,,,Non-Filterable (Particle),0.0446,mg/L
558,240424266,10-442,Tramping Lake,2018-08-11,,,Non-Filterable (Particle),0.1382,mg/L
559,240424402,17-105,Petit lac Saint-François,2017-08-27,,,Non-Filterable (Particle),0.2448,mg/L
560,240424448,13-523,Bennett Lake,2019-07-23,,,Non-Filterable (Particle),0.0027,mg/L
561,240424512,08-208,Clam Lake,2017-08-13,,,Non-Filterable (Particle),0.0176,mg/L
562,240424531,11-344,Tie Lake,2018-08-10,,,Non-Filterable (Particle),0.0092,mg/L
563,240424593,11-548,Mackenzie Lakes,2019-08-25,,,Non-Filterable (Particle),0.0286,mg/L
564,240424646,12-650,Quennell Lake,2019-07-20,,,Non-Filterable (Particle),0.0166,mg/L
565,240424672,09-411,Little Jackfish Lake,2018-07-02,,,Non-Filterable (Particle),0.0548,mg/L
566,240424678,17-068,Lac Baker,2017-07-13,,,Non-Filterable (Particle),0.0067,mg/L
567,240424686,17-063,Lac Neigette,2017-08-12,,,Non-Filterable (Particle),0.01,mg/L
568,240424700,07-020,Unnamed lake,2017-07-17,,,Non-Filterable (Particle),0.0203,mg/L
569,240424702,06-265,Cobbs Pond,2018-08-21,,,Non-Filterable (Particle),0.0097,mg/L
570,240424709,07-021,Kent Lake,2017-07-31,,,Non-Filterable (Particle),0.0146,mg/L
571,240424747,04-614,Unnamed lake,2019-07-29,,,Non-Filterable (Particle),0.0234,mg/L
572,240424777,11-512,French Lake,2019-07-08,,,Non-Filterable (Particle),0.0049,mg/L
573,240424855,06-083,Lac Saint-Antoine,2017-08-19,,,Non-Filterable (Particle),0.0223,mg/L
574,240424909,04-578,Boot Lake,2019-08-03,,,Non-Filterable (Particle),0.0151,mg/L
575,240424937,12-651,Holden Lake,2019-07-21,,,Non-Filterable (Particle),0.0355,mg/L
576,240424941,12-465,Alta Lake,2019-07-05,,,Non-Filterable (Particle),0.0025,mg/L
577,240424943,18-555,Cultus Lake,2019-07-06,,,Non-Filterable (Particle),0.1243,mg/L
578,240424950,06-137,Lac des Îles,2017-08-29,,,Non-Filterable (Particle),0.0136,mg/L
579,240424959,07-228,Fletchers Lake,2018-07-20,,,Non-Filterable (Particle),0.0072,mg/L
580,240425001,17-012,Lac Fromenteau,2017-07-29,,,Non-Filterable (Particle),0.0125,mg/L
581,240425023,07-252,Johnson Lake,2018-08-04,,,Non-Filterable (Particle),0.0055,mg/L
582,240425039,12-646,Dougan Lake,2019-07-15,,,Non-Filterable (Particle),0.0106,mg/L
583,240425079,09-420,Jumping Lake,2018-07-15,,,Non-Filterable (Particle),0.0498,mg/L
584,240425097,10-360,Kenosee Lake,2018-08-27,,,Non-Filterable (Particle),0.0289,mg/L
585,240425098,07-243,Lake Charles,2018-07-14,,,Non-Filterable (Particle),0.0073,mg/L
586,240425120,13-524,Klukshu Lake,2019-07-28,,,Non-Filterable (Particle),0.0054,mg/L
587,240425160,07-037,Moose Lake,2017-08-06,,,Non-Filterable (Particle),0.004,mg/L
588,240425165,10-448,Redberry Lake,2018-08-21,,,Non-Filterable (Particle),0.0042,mg/L
589,240425198,06-309,Rob Lake,2018-08-21,,,Non-Filterable (Particle),0.0079,mg/L
590,240425253,18-332,Kentucky Lake,2018-07-24,,,Non-Filterable (Particle),0.0021,mg/L
591,240425262,17-108,Lac Massawippi,2017-07-12,,,Non-Filterable (Particle),0.0034,mg/L
592,240425283,06-289,Barbe Lake,2018-07-24,,,Non-Filterable (Particle),0.0052,mg/L
593,240425396,07-247,MacPherson Lake,2018-07-30,,,Non-Filterable (Particle),0.0035,mg/L
594,240425426,08-160,Stoco Lake,2017-07-25,,,Non-Filterable (Particle),0.0094,mg/L
595,240425445,06-133,Lac Duhamel,2017-07-17,,,Non-Filterable (Particle),0.0063,mg/L
596,240425465,17-018,Lac Bazire,2017-07-27,,,Non-Filterable (Particle),0.0022,mg/L
597,240425519,12-640,Buck Lake,2019-07-07,,,Non-Filterable (Particle),0.0031,mg/L
598,240425525,13-564,Wolverine Lake,2019-07-17,,,Non-Filterable (Particle),0.0029,mg/L
599,240425545,18-330,Scuitto Lake,2018-07-21,,,Non-Filterable (Particle),0.0451,mg/L
600,240425590,18-505,Chapperon Lake,2019-06-30,,,Non-Filterable (Particle),0.0389,mg/L
601,240425597,13-588,Unnamed lake,2019-08-21,,,Non-Filterable (Particle),0.0076,mg/L
602,240425635,08-192,Green Lake,2017-08-08,,,Non-Filterable (Particle),0.0116,mg/L
603,240425701,04-616,Unnamed lake,2019-08-02,,,Non-Filterable (Particle),0.0111,mg/L
604,240425818,07-246,Gaspereaux Lake,2018-07-28,,,Non-Filterable (Particle),0.0687,mg/L
605,240425819,10-390,Unnamed lake,2018-08-06,,,Non-Filterable (Particle),0.0699,mg/L
606,240425911,09-607,Kakut Lake,2019-07-21,,,Non-Filterable (Particle),0.0601,mg/L
607,240425985,11-476,Mulvaney Lake,2019-07-21,,,Non-Filterable (Particle),0.0324,mg/L
608,240425992,04-573,Dalts’an Jìthìnùu Vàn,2019-08-10,,,Non-Filterable (Particle),0.009,mg/L
609,240425999,09-297,Devils Lake,2018-08-02,,,Non-Filterable (Particle),0.0047,mg/L
610,240426054,04-611,Unnamed lake,2019-07-25,,,Non-Filterable (Particle),0.0391,mg/L
611,240426066,12-462,Deer Lake,2019-06-30,,,Non-Filterable (Particle),0.0049,mg/L
612,240426111,07-251,Unnamed lake,2018-08-03,,,Non-Filterable (Particle),0.0029,mg/L
613,240426122,08-191,Alder Lake,2017-08-22,,,Non-Filterable (Particle),0.0382,mg/L
614,240426152,12-475,Diana Lake,2019-07-19,,,Non-Filterable (Particle),0.0042,mg/L
615,240426172,18-594,Ellison Lake,2019-07-03,,,Non-Filterable (Particle),0.0212,mg/L
616,240426228,17-044,Miramichi Lake,2017-08-03,,,Non-Filterable (Particle),0.0036,mg/L
617,240426246,13-563,Unnamed lake,2019-07-16,,,Non-Filterable (Particle),0.018,mg/L
618,240426272,07-047,Magaguadavic Lake,2017-08-29,,,Non-Filterable (Particle),0.0222,mg/L
619,240426356,06-161,Fraser Lake,2017-09-05,,,Non-Filterable (Particle),0.0075,mg/L
620,240426379,11-546,Unnamed lake,2019-08-24,,,Non-Filterable (Particle),0.0292,mg/L
621,240426513,04-621,Unnamed lake,2019-08-09,,,Non-Filterable (Particle),0.0257,mg/L
622,240426538,11-509,Latremouille Lake,2019-07-05,,,Non-Filterable (Particle),0.0064,mg/L
623,240426543,09-383,Lac Magloire,2018-07-28,,,Non-Filterable (Particle),0.4737,mg/L
624,240426553,18-323,Swan Lake,2018-07-12,,,Non-Filterable (Particle),0.0104,mg/L
625,240426571,12-677,Haslam Lake,2019-08-25,,,Non-Filterable (Particle),0.0012,mg/L
626,240426586,17-109,Lac Magog,2017-07-10,,,Non-Filterable (Particle),0.0149,mg/L
627,240426593,12-670,Diver Lake,2019-08-15,,,Non-Filterable (Particle),0.0075,mg/L
628,240426613,04-581,Unnamed lake,2019-07-29,,,Non-Filterable (Particle),0.0111,mg/L
629,240426622,09-385,Jones Lake,2018-07-30,,,Non-Filterable (Particle),0.2451,mg/L
630,240426665,08-157,Camden Lake,2017-07-23,,,Non-Filterable (Particle),0.0036,mg/L
631,240426716,08-177,Lake St. John,2017-09-04,,,Non-Filterable (Particle),0.039,mg/L
632,240426736,09-292,Egg Lake,2018-07-27,,,Non-Filterable (Particle),0.0147,mg/L
633,240426785,13-562,Unnamed lake,2019-07-15,,,Non-Filterable (Particle),0.0149,mg/L
634,240426810,11-487,Totem Pole Lake,2019-08-04,,,Non-Filterable (Particle),0.0493,mg/L
635,240426816,10-439,Atton Lake,2018-08-06,,,Non-Filterable (Particle),0.0079,mg/L
636,240426845,08-202,Boat Lake,2017-07-23,,,Non-Filterable (Particle),0.0042,mg/L
637,240426881,11-543,Unnamed lake,2019-08-18,,,Non-Filterable (Particle),0.007,mg/L
638,240426985,04-583,Unnamed lake,2019-08-02,,,Non-Filterable (Particle),0.0109,mg/L
639,240427035,11-589,Tudyah Lake,2019-08-23,,,Non-Filterable (Particle),0.0072,mg/L
640,240427113,11-510,Bridge Lake,2019-07-06,,,Non-Filterable (Particle),0.0095,mg/L
641,240427209,08-194,Irish Lake,2017-07-20,,,Non-Filterable (Particle),0.0045,mg/L
642,240427236,06-305,L302,2018-08-17,,,Non-Filterable (Particle),0.0052,mg/L
643,240427239,07-035,McKendrick Lake,2017-07-23,,,Non-Filterable (Particle),0.0066,mg/L
644,240427316,12-669,Echo Lake,2019-08-06,,,Non-Filterable (Particle),0.0025,mg/L
645,240427357,10-404,Hastings Lake,2018-08-19,,,Non-Filterable (Particle),0.0739,mg/L
646,240427394,10-398,Birch Lake,2018-08-17,,,Non-Filterable (Particle),0.0671,mg/L
647,240427400,08-219,Lac Mccord,2017-09-04,,,Non-Filterable (Particle),0.0111,mg/L
648,240427421,12-671,Brannen Lake,2019-08-16,,,Non-Filterable (Particle),0.0038,mg/L
649,240427440,10-443,Unnamed lake,2018-08-23,,,Non-Filterable (Particle),0.1265,mg/L
650,240427444,10-452,Lytwyns Lake,2018-08-26,,,Non-Filterable (Particle),0.0401,mg/L
651,240427519,09-288,Unnamed lake,2018-07-22,,,Non-Filterable (Particle),0.0299,mg/L
652,240427524,09-451,Picnic Lake,2018-08-18,,,Non-Filterable (Particle),0.0269,mg/L
653,240427529,17-117,Lac Memphrémagog,2017-07-14,,,Non-Filterable (Particle),0.0036,mg/L
654,240427532,04-579,Campbell Lake,2019-08-07,,,Non-Filterable (Particle),0.0077,mg/L
655,240427548,17-017,Lac Baillargeon,2017-07-28,,,Non-Filterable (Particle),0.0013,mg/L
656,240427558,17-110,Lac Crystal,2017-07-13,,,Non-Filterable (Particle),0.0082,mg/L
657,240427626,17-089,Lac Chartier,2017-07-12,,,Non-Filterable (Particle),0.0079,mg/L
658,240427704,12-661,Roselle Lake,2019-08-13,,,Non-Filterable (Particle),0.0038,mg/L
659,240427722,10-434,Unnamed lake,2018-08-03,,,Non-Filterable (Particle),0.0702,mg/L
660,240427724,17-077,Lac Bertrand,2017-08-04,,,Non-Filterable (Particle),0.0128,mg/L
661,240427746,06-139,Lac Vert,2017-08-30,,,Non-Filterable (Particle),0.033,mg/L
662,240427758,12-656,Enos Lake,2019-07-30,,,Non-Filterable (Particle),0.0055,mg/L
663,240427802,09-298,Steepbank Lake,2018-08-05,,,Non-Filterable (Particle),0.04,mg/L
664,240427867,08-162,Little Lake,2017-09-08,,,Non-Filterable (Particle),0.0061,mg/L
665,240427870,17-087,Lac Mailloux,2017-07-11,,,Non-Filterable (Particle),0.0056,mg/L
666,240427891,11-499,Konni Lake,2019-08-20,,,Non-Filterable (Particle),0.0043,mg/L
667,240427899,10-276,Swan Lake,2018-07-07,,,Non-Filterable (Particle),0.6146,mg/L
668,240427916,12-644,Kemp Lake,2019-07-13,,,Non-Filterable (Particle),0.0085,mg/L
669,240427920,06-128,Lac des Seigneurs,2017-07-14,,,Non-Filterable (Particle),0.0036,mg/L
670,240428005,11-345,Surveyors Lake,2018-08-09,,,Non-Filterable (Particle),0.0043,mg/L
671,240428006,09-287,Unnamed lake,2018-07-21,,,Non-Filterable (Particle),0.1588,mg/L
672,240428009,10-388,Boag Lake,2018-08-04,,,Non-Filterable (Particle),0.2162,mg/L
673,240428050,12-663,Alice Lake,2019-08-08,,,Non-Filterable (Particle),0.0004,mg/L
674,240428077,09-396,Vincent Lake,2018-08-13,,,Non-Filterable (Particle),0.0861,mg/L
675,240428082,18-591,Allison Lake,2019-06-30,,,Non-Filterable (Particle),0.0037,mg/L
676,240428098,04-580,Unnamed lake,2019-07-30,,,Non-Filterable (Particle),0.0298,mg/L
677,240428108,06-101,Lac Maupertuis,2017-08-16,,,Non-Filterable (Particle),0.0019,mg/L
678,240428122,17-098,Lac à la Truite,2017-08-24,,,Non-Filterable (Particle),0.0166,mg/L
679,240428131,09-432,Unnamed lake,2018-07-31,,,Non-Filterable (Particle),0.0122,mg/L
680,240428269,09-367,Buck Lake,2018-07-08,,,Non-Filterable (Particle),0.0561,mg/L
681,240428358,17-064,Lac Plourde,2017-08-13,,,Non-Filterable (Particle),0.0043,mg/L
682,240428415,08-138,Lac Écho,2017-09-13,,,Non-Filterable (Particle),0.0086,mg/L
683,240428425,17-121,Lac Waterloo,2017-07-10,,,Non-Filterable (Particle),0.0329,mg/L
684,240428456,06-308,L373,2018-08-16,,,Non-Filterable (Particle),0.0039,mg/L
685,240428497,09-372,Unnamed lake,2018-07-14,,,Non-Filterable (Particle),0.0111,mg/L
686,240428522,11-633,Eight Mile Lake,2019-08-26,,,Non-Filterable (Particle),0.0057,mg/L
687,240428571,07-005,Long Lake,2017-07-23,,,Non-Filterable (Particle),0.0121,mg/L
688,240428619,11-486,Unnamed lake,2019-08-03,,,Non-Filterable (Particle),0.08,mg/L
689,240428622,12-474,Lakelse Lake,2019-07-16,,,Non-Filterable (Particle),0.0064,mg/L
690,240428659,13-527,Enger Lakes,2019-07-27,,,Non-Filterable (Particle),0.0092,mg/L
691,240428660,11-632,Ahbau Lake,2019-08-25,,,Non-Filterable (Particle),0.0129,mg/L
692,240428664,07-222,Big Lake,2018-06-30,,,Non-Filterable (Particle),0.0057,mg/L
693,240428669,07-046,Oromocto Lake,2017-08-28,,,Non-Filterable (Particle),0.0217,mg/L
694,240428843,13-520,Pine Lake,2019-07-18,,,Non-Filterable (Particle),0.0081,mg/L
695,240428856,12-666,Spirit Lake,2019-08-04,,,Non-Filterable (Particle),0.0016,mg/L
696,240428921,09-429,Bisgrove Lake,2018-08-25,,,Non-Filterable (Particle),0.1256,mg/L
697,240429010,11-343,Wasa Lake,2018-08-07,,,Non-Filterable (Particle),0.0065,mg/L
698,240429047,12-658,Mohun Lake,2019-08-05,,,Non-Filterable (Particle),0.0012,mg/L
699,240429068,09-379,Long Lake,2018-07-23,,,Non-Filterable (Particle),0.0623,mg/L
700,240429178,09-300,Pine Lake,2018-08-06,,,Non-Filterable (Particle),0.1631,mg/L
701,240429191,10-407,Unnamed lake,2018-08-27,,,Non-Filterable (Particle),0.0124,mg/L
702,240429192,12-665,Zeballos Lake,2019-08-12,,,Non-Filterable (Particle),0.0012,mg/L
703,240429320,17-092,Lac Mégantic,2017-07-18,,,Non-Filterable (Particle),0.0026,mg/L
704,240429322,06-126,Lac Paula,2017-08-25,,,Non-Filterable (Particle),0.0228,mg/L
705,240429326,12-531,Lava Lake,2019-08-04,,,Non-Filterable (Particle),0.0101,mg/L
706,240429359,10-353,Elkwater Lake,2018-08-20,,,Non-Filterable (Particle),0.0137,mg/L
707,240429414,17-091,Lac Fortin,2017-08-25,,,Non-Filterable (Particle),0.007,mg/L
708,240429434,06-102,Lac Froget,2017-08-17,,,Non-Filterable (Particle),0.0019,mg/L
709,240429469,09-375,Lac la Nonne,2018-07-19,,,Non-Filterable (Particle),0.0517,mg/L
710,240429577,18-322,Bolean Lake,2018-07-10,,,Non-Filterable (Particle),0.0054,mg/L
711,240429608,17-116,Lac Brais,2017-07-15,,,Non-Filterable (Particle),0.0056,mg/L
712,240429613,13-526,Pine Lake,2019-07-25,,,Non-Filterable (Particle),0.0043,mg/L
713,240429637,07-040,McDougall Lake,2017-08-27,,,Non-Filterable (Particle),0.0265,mg/L
714,240429661,06-263,Freshwater Pond,2018-08-19,,,Non-Filterable (Particle),0.0036,mg/L
715,240429721,13-521,Lower McDonald Lake,2019-07-20,,,Non-Filterable (Particle),0.0076,mg/L
716,240429796,06-221,Sandbar Lake,2017-08-11,,,Non-Filterable (Particle),0.0061,mg/L
717,240429798,07-009,Black River Lake,2017-08-13,,,Non-Filterable (Particle),0.0027,mg/L
718,240429807,18-551,Shambrook Lake,2019-07-01,,,Non-Filterable (Particle),0.0069,mg/L
719,240429858,08-185,Orr Lake,2017-08-25,,,Non-Filterable (Particle),0.0094,mg/L
720,240429864,17-079,Lac Morin,2017-07-24,,,Non-Filterable (Particle),0.0061,mg/L
721,240429873,08-143,Constance Lake,2017-09-10,,,Non-Filterable (Particle),0.0085,mg/L
722,240429905,04-575,Unnamed lake,2019-08-01,,,Non-Filterable (Particle),0.0092,mg/L
723,240429925,11-482,Unnamed lake,2019-07-29,,,Non-Filterable (Particle),0.0166,mg/L
724,240429941,08-135,Lac Georges,2017-09-12,,,Non-Filterable (Particle),0.0238,mg/L
725,240429968,18-334,Elkhart Lake,2018-07-27,,,Non-Filterable (Particle),0.0111,mg/L
726,240430056,12-678,Duck Lake,2019-08-24,,,Non-Filterable (Particle),0.0022,mg/L
727,240430065,09-410,Unnamed lake,2018-07-05,,,Non-Filterable (Particle),0.0308,mg/L
728,240430100,06-132,Lac Sainte-Marie,2017-07-16,,,Non-Filterable (Particle),0.0062,mg/L
729,240430114,12-672,Long Lake,2019-08-17,,,Non-Filterable (Particle),0.0037,mg/L
730,240430180,06-255,Gull Pond,2018-08-10,,,Non-Filterable (Particle),0.0059,mg/L
731,240430227,09-392,Unnamed lake,2018-08-09,,,Non-Filterable (Particle),0.0249,mg/L
732,240430244,07-014,Tupper Lake,2017-08-10,,,Non-Filterable (Particle),0.0023,mg/L
733,240430248,08-145,Cedar Lake,2017-07-21,,,Non-Filterable (Particle),0.0018,mg/L
734,240430277,10-422,Duck Lake,2018-07-17,,,Non-Filterable (Particle),0.1121,mg/L
735,240430296,09-296,Kaweenakumik Lake,2018-08-03,,,Non-Filterable (Particle),0.0585,mg/L
736,240430299,17-069,Lac Jerry,2017-07-12,,,Non-Filterable (Particle),0.0064,mg/L
737,240430349,10-440,Unnamed lake,2018-08-09,,,Non-Filterable (Particle),0.2541,mg/L
738,240430381,12-653,Boomerang Lake,2019-07-27,,,Non-Filterable (Particle),0.0036,mg/L
739,240430384,13-569,Minto Lake,2019-07-24,,,Non-Filterable (Particle),0.0049,mg/L
740,240430402,10-358,Little Kenosee Lake,2018-08-28,,,Non-Filterable (Particle),0.0077,mg/L
741,240430465,04-619,Unnamed lake,2019-08-05,,,Non-Filterable (Particle),0.0052,mg/L
742,240430501,07-235,Kearney Lake,2018-07-21,,,Non-Filterable (Particle),0.0035,mg/L
743,240430517,17-090,Lac Volet,2017-08-22,,,Non-Filterable (Particle),0.0065,mg/L
744,240430571,10-597,Muir Lake,2019-07-08,,,Non-Filterable (Particle),0.0361,mg/L
745,240430596,13-518,Wye Lake,2019-07-17,,,Non-Filterable (Particle),0.0089,mg/L
746,240430609,12-530,Derrick Lake,2019-08-03,,,Non-Filterable (Particle),0.0045,mg/L
747,240430628,10-387,Driedmeat Lake,2018-08-24,,,Non-Filterable (Particle),0.0624,mg/L
748,240430629,18-469,Gun Lake,2019-07-08,,,Non-Filterable (Particle),0.0019,mg/L
749,240430634,17-075,Lac du Marin-à-Gouin,2017-08-07,,,Non-Filterable (Particle),0.0085,mg/L
750,240430649,12-675,Horne Lake,2019-08-20,,,Non-Filterable (Particle),0.0007,mg/L
751,240430739,10-359,Alkali Lake,2018-08-29,,,Non-Filterable (Particle),0.0701,mg/L
752,240430747,09-403,Wabamun Lake,2018-08-02,,,Non-Filterable (Particle),0.0286,mg/L
753,240430838,10-280,Lake Stormon,2018-07-12,,,Non-Filterable (Particle),0.0572,mg/L
754,240430856,08-204,Bartley Lake,2017-07-30,,,Non-Filterable (Particle),0.0084,mg/L
755,240430858,13-516,Good Hope Lake,2019-07-14,,,Non-Filterable (Particle),0.0028,mg/L
756,240430936,11-627,Huble Lake,2019-08-18,,,Non-Filterable (Particle),0.0046,mg/L
757,240430950,06-130,Lac Marois,2017-07-13,,,Non-Filterable (Particle),0.0053,mg/L
758,240430954,08-169,Lake Scugog,2017-07-30,,,Non-Filterable (Particle),0.0086,mg/L
759,240430964,17-050,Lac des Indiens,2017-08-11,,,Non-Filterable (Particle),0.0016,mg/L
760,240431016,08-120,Lac des Chicots,2017-08-21,,,Non-Filterable (Particle),0.0196,mg/L
761,240431023,10-402,Miquelon Lakes,2018-08-21,,,Non-Filterable (Particle),0.1331,mg/L
762,240431049,13-587,Unnamed lake,2019-08-17,,,Non-Filterable (Particle),0.0177,mg/L
763,240431061,04-574,Unnamed lake,2019-08-09,,,Non-Filterable (Particle),0.0061,mg/L
764,240431082,11-595,Upper Little Slocan Lake,2019-07-05,,,Non-Filterable (Particle),0.0041,mg/L
765,240431083,06-125,Lac Croche,2017-07-12,,,Non-Filterable (Particle),0.0034,mg/L
766,240431184,07-015,Spectacle Lake,2017-08-18,,,Non-Filterable (Particle),0.0047,mg/L
767,240431188,17-043,Trousers Lake,2017-07-20,,,Non-Filterable (Particle),0.0049,mg/L
768,240431201,17-081,Lac de l'Est,2017-07-25,,,Non-Filterable (Particle),0.0057,mg/L
769,240431235,17-084,Lac du Portage,2017-07-21,,,Non-Filterable (Particle),0.007,mg/L
770,240431245,18-331,Douglas Lake,2018-07-22,,,Non-Filterable (Particle),0.0226,mg/L
771,240431251,08-186,Lake Niapenco,2017-08-20,,,Non-Filterable (Particle),0.0209,mg/L
772,240431322,08-153,Lac Green,2017-09-02,,,Non-Filterable (Particle),0.0045,mg/L
773,240431360,06-275,Whitemouth Lake,2018-07-06,,,Non-Filterable (Particle),0.1297,mg/L
774,240431382,07-022,Lake Mulgrave,2017-08-09,,,Non-Filterable (Particle),0.0043,mg/L
775,240431402,08-152,Christie Lake,2017-07-18,,,Non-Filterable (Particle),0.003,mg/L
776,240431423,18-328,Upper Buse Lake,2018-07-19,,,Non-Filterable (Particle),0.0201,mg/L
777,240431488,18-325,Swalwell Lake,2018-07-15,,,Non-Filterable (Particle),0.0076,mg/L
778,240431507,13-525,Dezadeash Lake,2019-07-26,,,Non-Filterable (Particle),0.0159,mg/L
779,240431515,09-449,Unnamed lake,2018-08-24,,,Non-Filterable (Particle),0.0257,mg/L
780,240431629,11-540,Unnamed lake,2019-08-17,,,Non-Filterable (Particle),0.0203,mg/L
781,240431661,09-378,Canoe Lake,2018-07-22,,,Non-Filterable (Particle),0.2268,mg/L
782,240431682,11-508,Italia Lake,2019-07-04,,,Non-Filterable (Particle),0.0033,mg/L
783,240431683,17-067,Grand lac Touradi,2017-08-01,,,Non-Filterable (Particle),0.0093,mg/L
784,240431698,12-654,Kennedy Lake,2019-07-25,,,Non-Filterable (Particle),0.0024,mg/L
785,240431776,06-291,Camp Lake,2018-07-26,,,Non-Filterable (Particle),0.0058,mg/L
786,240431819,07-223,Kennedy Lake,2018-07-01,,,Non-Filterable (Particle),0.0094,mg/L
787,240432028,08-214,Unnamed lake,2017-09-07,,,Non-Filterable (Particle),0.006,mg/L
788,240432041,17-106,Les Trois Lacs,2017-08-29,,,Non-Filterable (Particle),0.0066,mg/L
789,240432046,10-365,Shooting Lake,2018-07-06,,,Non-Filterable (Particle),0.1518,mg/L
790,240432049,17-048,Lac Angus,2017-08-06,,,Non-Filterable (Particle),0.004,mg/L
791,240432051,10-601,Unnamed lake,2019-07-13,,,Non-Filterable (Particle),0.082,mg/L
792,240432052,06-176,Lac Cloutier,2017-08-30,,,Non-Filterable (Particle),0.0237,mg/L
793,240432102,06-220,Bright Lake,2017-08-10,,,Non-Filterable (Particle),0.0075,mg/L
794,240432107,12-655,Lowry Lake,2019-07-26,,,Non-Filterable (Particle),0.0022,mg/L
795,240432136,07-248,Shepherd Lake,2018-07-29,,,Non-Filterable (Particle),0.0043,mg/L
796,240432152,06-141,Lac Pelletier,2017-08-18,,,Non-Filterable (Particle),0.0192,mg/L
797,240432166,18-329,Roche Lake,2018-07-20,,,Non-Filterable (Particle),0.01,mg/L
798,240432178,10-364,Unnamed lake,2018-07-04,,,Non-Filterable (Particle),0.2417,mg/L
799,240432200,13-514,Upper Gnat Lake,2019-07-12,,,Non-Filterable (Particle),0.0082,mg/L
800,240432227,12-667,Buttle Lake,2019-08-01,,,Non-Filterable (Particle),0.0007,mg/L
801,240432256,09-428,Green Lake,2018-07-27,,,Non-Filterable (Particle),0.0385,mg/L
802,240432275,08-147,Mississippi Lake,2017-09-09,,,Non-Filterable (Particle),0.0032,mg/L
803,240432290,17-065,Grand lac Squatec,2017-07-28,,,Non-Filterable (Particle),0.0032,mg/L
804,240432340,10-285,Pasqua Lake,2018-07-17,,,Non-Filterable (Particle),0.0431,mg/L
805,240432361,11-544,MacDonald Lake,2019-08-22,,,Non-Filterable (Particle),0.0069,mg/L
806,240432389,07-003,Lake Verde,2017-07-20,,,Non-Filterable (Particle),0.0154,mg/L
807,240432420,06-131,Lac Rond,2017-07-15,,,Non-Filterable (Particle),0.0051,mg/L
808,240432433,08-144,Charleston Lake,2017-07-15,,,Non-Filterable (Particle),0.0022,mg/L
809,240432527,11-498,Chaunigan Lake,2019-08-19,,,Non-Filterable (Particle),0.0065,mg/L
810,240432537,11-317,Victor Lake,2018-07-05,,,Non-Filterable (Particle),0.0013,mg/L
811,240432552,06-200,Unnamed lake,2017-08-13,,,Non-Filterable (Particle),0.0046,mg/L
812,240432583,11-628,Dominion Lake,2019-08-19,,,Non-Filterable (Particle),0.0084,mg/L
813,240432607,06-264,Sandy Cove Pond,2018-08-20,,,Non-Filterable (Particle),0.006,mg/L
814,240432640,07-231,Moore Lake,2018-07-08,,,Non-Filterable (Particle),0.0108,mg/L
815,240432644,12-664,Beaver Lake,2019-08-10,,,Non-Filterable (Particle),0.0022,mg/L
816,240432662,12-536,Pine Lake,2019-08-11,,,Non-Filterable (Particle),0.0026,mg/L
817,240432680,11-342,Whiteswan Lake,2018-08-06,,,Non-Filterable (Particle),0.0047,mg/L
818,240432743,07-002,Larkins Pond,2017-07-21,,,Non-Filterable (Particle),0.0164,mg/L
819,240432916,09-606,Clairmont Lake,2019-07-22,,,Non-Filterable (Particle),0.0675,mg/L
820,240432939,07-008,Morice Pond,2017-07-28,,,Non-Filterable (Particle),0.0123,mg/L
821,240432943,17-038,Middle Peaked Mountain Lake,2017-07-14,,,Non-Filterable (Particle),0.0076,mg/L
822,240432972,12-532,Kitsumkalum Lake,2019-08-07,,,Non-Filterable (Particle),0.0105,mg/L
823,240432981,08-154,Lacs Healy,2017-09-03,,,Non-Filterable (Particle),0.0057,mg/L
824,240433033,12-634,Elk Lake,2019-06-30,,,Non-Filterable (Particle),0.0156,mg/L
825,240433075,17-053,Lac des Huit Milles,2017-08-05,,,Non-Filterable (Particle),0.0115,mg/L
826,240433126,09-431,Jeannette Lake,2018-07-29,,,Non-Filterable (Particle),0.0061,mg/L
827,240433137,07-019,Caribou Lake,2017-08-17,,,Non-Filterable (Particle),0.0012,mg/L
828,240433148,12-657,Green Lake,2019-07-28,,,Non-Filterable (Particle),0.0075,mg/L
829,240433220,10-362,Pelican Lake,2018-07-02,,,Non-Filterable (Particle),0.0758,mg/L
830,240433221,04-617,Unnamed lake,2019-08-03,,,Non-Filterable (Particle),0.0116,mg/L
831,240433239,08-164,Stevenson Lake,2017-07-29,,,Non-Filterable (Particle),0.006,mg/L
832,240433251,10-301,North Shoal Lake,2018-08-08,,,Non-Filterable (Particle),0.1069,mg/L
833,240433279,12-535,Unnamed lake,2019-08-08,,,Non-Filterable (Particle),0.0018,mg/L
834,240433307,11-481,Fish Lake,2019-07-28,,,Non-Filterable (Particle),0.0245,mg/L
835,240433351,06-095,Lac Simoncouche,2017-08-24,,,Non-Filterable (Particle),0.016,mg/L
836,240433362,07-224,Folly Lake,2018-07-02,,,Non-Filterable (Particle),0.004,mg/L
837,240433363,18-336,Munro Lake,2018-07-28,,,Non-Filterable (Particle),0.0055,mg/L
838,240433395,06-306,L223,2018-08-12,,,Non-Filterable (Particle),0.0035,mg/L
839,240433435,09-384,Flyingshot Lake,2018-07-29,,,Non-Filterable (Particle),0.056,mg/L
840,240433503,12-662,Victoria Lake,2019-08-09,,,Non-Filterable (Particle),0.0005,mg/L
841,240433507,13-566,Fish Eye Lake,2019-07-20,,,Non-Filterable (Particle),0.0057,mg/L
842,240433520,17-093,Lac des Trois Milles,2017-07-19,,,Non-Filterable (Particle),0.0088,mg/L
843,240433538,06-268,Grand Pond,2018-08-28,,,Non-Filterable (Particle),0.0095,mg/L
844,240433567,17-099,Lac Lindsay,2017-07-11,,,Non-Filterable (Particle),0.0506,mg/L
845,240433572,17-114,Lac Brompton,2017-07-10,,,Non-Filterable (Particle),0.0021,mg/L
846,240433577,17-107,Étang Burbank,2017-08-30,,,Non-Filterable (Particle),0.0083,mg/L
847,240433670,18-318,Little White Lake,2018-07-06,,,Non-Filterable (Particle),0.0019,mg/L
848,240433686,12-460,Mill Lake,2019-06-29,,,Non-Filterable (Particle),0.0204,mg/L
849,240433777,11-495,Williams Lake,2019-08-16,,,Non-Filterable (Particle),0.0305,mg/L
850,240433832,07-244,West Pogue Lake,2018-07-26,,,Non-Filterable (Particle),0.0163,mg/L
851,240433975,08-195,Carson Lake,2017-07-27,,,Non-Filterable (Particle),0.0086,mg/L
852,240433978,07-024,Barrington Lake,2017-08-20,,,Non-Filterable (Particle),0.0037,mg/L
853,240433992,09-369,Unnamed lake,2018-07-10,,,Non-Filterable (Particle),0.008,mg/L
854,240433994,06-136,Lac Ouellette,2017-08-28,,,Non-Filterable (Particle),0.0378,mg/L
855,240434024,07-013,Colwell Round Lake,2017-08-14,,,Non-Filterable (Particle),0.0037,mg/L
856,240434089,12-659,McCreight Lake,2019-08-03,,,Non-Filterable (Particle),0.0015,mg/L
857,240434100,07-229,First Lake,2018-07-23,,,Non-Filterable (Particle),0.0062,mg/L
858,240434133,11-496,Cummings Lake,2019-08-17,,,Non-Filterable (Particle),0.0262,mg/L
859,240434261,06-271,Denmark Lake,2018-07-01,,,Non-Filterable (Particle),0.0069,mg/L
860,240434268,11-492,Nukko Lake,2019-08-11,,,Non-Filterable (Particle),0.0068,mg/L
